epoch,time,train/box_loss,train/cls_loss,train/dfl_loss,metrics/precision(B),metrics/recall(B),metrics/mAP50(B),metrics/mAP50-95(B),val/box_loss,val/cls_loss,val/dfl_loss,lr/pg0,lr/pg1,lr/pg2
1,12.6127,2.40026,1.72695,1.61688,0.00849,0.0296,0.00697,0.00241,nan,nan,nan,0.00065641,0.00065641,0.00065641
2,17.9933,2.08917,1.25439,1.40513,0.0863,0.18147,0.02643,0.00706,3.76238,55.082,2.79751,0.00131653,0.00131653,0.00131653
3,23.3727,2.0306,1.29997,1.36676,0.00725,0.01845,0.00182,0.00038,nan,nan,nan,0.00197005,0.00197005,0.00197005
4,28.3456,2.01855,1.25736,1.36606,0.00253,0.01615,0.00109,0.00022,nan,nan,nan,0.0019703,0.0019703,0.0019703
5,33.4787,1.9451,1.22285,1.31865,0.62937,0.53731,0.45973,0.12723,2.77336,2.34551,1.86565,0.0019604,0.0019604,0.0019604
6,38.8675,1.91183,1.20434,1.30957,0.61818,0.51134,0.43792,0.14446,2.57068,1.7575,1.76909,0.0019505,0.0019505,0.0019505
7,44.2115,1.90375,1.18324,1.29699,0.65963,0.66321,0.55897,0.21567,2.19093,1.94994,1.52542,0.0019406,0.0019406,0.0019406
8,49.628,1.90449,1.19666,1.29404,0.50454,0.5198,0.36311,0.08848,2.9488,2.41644,1.98385,0.0019307,0.0019307,0.0019307
9,54.7903,1.86518,1.16406,1.28407,0.74225,0.69198,0.63974,0.26929,1.84194,1.61214,1.38404,0.0019208,0.0019208,0.0019208
10,60.049,1.85683,1.1859,1.27451,0.54077,0.46521,0.35651,0.07538,3.34639,1.80307,2.1391,0.0019109,0.0019109,0.0019109
11,65.3684,1.83845,1.14876,1.26559,0.6592,0.66359,0.5691,0.17794,2.47662,2.12164,1.63954,0.001901,0.001901,0.001901
12,70.4914,1.80809,1.16811,1.25781,0.67552,0.54979,0.53854,0.1713,2.5041,1.40942,1.66279,0.0018911,0.0018911,0.0018911
13,75.7413,1.90417,1.17309,1.284,0.67674,0.61707,0.53095,0.16177,2.64397,1.67025,1.72328,0.0018812,0.0018812,0.0018812
14,80.8514,1.82891,1.14888,1.25703,0.72003,0.65655,0.5855,0.1796,2.52871,1.34285,1.67417,0.0018713,0.0018713,0.0018713
15,86.1488,1.80584,1.13673,1.25275,0.6374,0.58208,0.48089,0.12282,2.79591,1.52131,1.82038,0.0018614,0.0018614,0.0018614
16,91.3409,1.81919,1.14318,1.26215,0.76476,0.6336,0.61379,0.22568,2.26831,1.26415,1.53981,0.0018515,0.0018515,0.0018515
17,96.4909,1.75713,1.12904,1.22134,0.75401,0.66859,0.63367,0.23887,2.12363,1.24135,1.48117,0.0018416,0.0018416,0.0018416
18,101.736,1.74166,1.13564,1.22199,0.74171,0.67782,0.61333,0.1944,2.46548,1.27488,1.65761,0.0018317,0.0018317,0.0018317
19,106.894,1.76757,1.1447,1.24838,0.64263,0.55017,0.4564,0.1018,2.91289,1.37038,1.95318,0.0018218,0.0018218,0.0018218
20,112.157,1.79541,1.12897,1.2535,0.69943,0.61745,0.56202,0.15132,2.61524,1.35058,1.72783,0.0018119,0.0018119,0.0018119
21,117.319,1.78816,1.13788,1.25082,0.76543,0.68781,0.6524,0.26683,2.06524,1.19961,1.44587,0.001802,0.001802,0.001802
22,122.442,1.8057,1.15285,1.26068,0.72766,0.67628,0.60285,0.20769,2.29749,1.39049,1.57843,0.0017921,0.0017921,0.0017921
23,127.711,1.73741,1.12394,1.22251,0.73431,0.67551,0.63831,0.26417,1.97774,1.27615,1.41212,0.0017822,0.0017822,0.0017822
24,132.862,1.74495,1.12426,1.22042,0.78464,0.7186,0.67562,0.32873,1.64389,1.22049,1.27617,0.0017723,0.0017723,0.0017723
25,138.314,1.74732,1.12549,1.21913,0.76545,0.71018,0.6614,0.27548,2.00338,1.31234,1.42857,0.0017624,0.0017624,0.0017624
26,143.535,1.71729,1.13319,1.22371,0.75856,0.70742,0.65016,0.23815,2.16458,1.35998,1.4827,0.0017525,0.0017525,0.0017525
27,148.856,1.74372,1.14214,1.21512,0.77881,0.67397,0.67036,0.31339,1.69766,1.18401,1.30324,0.0017426,0.0017426,0.0017426
28,154.016,1.76364,1.13713,1.23405,0.75471,0.71011,0.64997,0.24715,2.076,1.20139,1.44019,0.0017327,0.0017327,0.0017327
29,159.182,1.73269,1.10983,1.20867,0.76011,0.71265,0.66485,0.27981,1.96157,1.18273,1.39322,0.0017228,0.0017228,0.0017228
30,164.474,1.70177,1.10496,1.2041,0.77701,0.72857,0.68132,0.32966,1.67105,1.14682,1.27718,0.0017129,0.0017129,0.0017129
31,169.807,1.70744,1.10902,1.20663,0.72625,0.67474,0.62149,0.21647,2.4943,1.24018,1.69683,0.001703,0.001703,0.001703
32,175.087,1.70347,1.10426,1.20635,0.75953,0.70312,0.65712,0.27808,1.94507,1.21801,1.38441,0.0016931,0.0016931,0.0016931
33,180.308,1.66308,1.09842,1.19849,0.78158,0.70299,0.68093,0.31419,1.79087,1.15589,1.32171,0.0016832,0.0016832,0.0016832
34,185.452,1.70127,1.0908,1.19326,0.785,0.71549,0.68661,0.33931,1.61775,1.17279,1.26874,0.0016733,0.0016733,0.0016733
35,190.905,1.69009,1.09393,1.19891,0.74026,0.69473,0.6263,0.21414,2.36478,1.23505,1.61971,0.0016634,0.0016634,0.0016634
36,196.074,1.71195,1.10028,1.20436,0.75426,0.69704,0.6505,0.23775,2.2672,1.20623,1.5536,0.0016535,0.0016535,0.0016535
37,201.374,1.71085,1.09932,1.20917,0.77211,0.71473,0.67735,0.31321,1.79487,1.15811,1.31995,0.0016436,0.0016436,0.0016436
38,206.598,1.65956,1.09094,1.19201,0.80924,0.72472,0.69311,0.36787,1.4613,1.16057,1.21482,0.0016337,0.0016337,0.0016337
39,212.066,1.6558,1.08445,1.18123,0.71868,0.68781,0.60778,0.16684,2.67918,1.26228,1.81262,0.0016238,0.0016238,0.0016238
40,217.268,1.63476,1.08579,1.16818,0.75624,0.7109,0.66205,0.23473,2.28561,1.1167,1.5619,0.0016139,0.0016139,0.0016139
41,222.459,1.64851,1.09352,1.18335,0.77405,0.73049,0.68396,0.29994,1.88378,1.14404,1.36357,0.001604,0.001604,0.001604
42,227.795,1.64935,1.09214,1.18041,0.7834,0.71319,0.68552,0.33905,1.63121,1.16449,1.26488,0.0015941,0.0015941,0.0015941
43,233.005,1.63359,1.07934,1.17261,0.80584,0.71934,0.69473,0.36168,1.50925,1.08758,1.22098,0.0015842,0.0015842,0.0015842
44,238.306,1.66837,1.08234,1.19338,0.7717,0.70396,0.67018,0.27753,2.09206,1.20833,1.46737,0.0015743,0.0015743,0.0015743
45,243.483,1.68425,1.08864,1.19543,0.76598,0.72664,0.66695,0.24667,2.25901,1.13389,1.53567,0.0015644,0.0015644,0.0015644
46,248.86,1.64781,1.06559,1.17671,0.77749,0.72664,0.67918,0.29814,1.92979,1.1143,1.3843,0.0015545,0.0015545,0.0015545
47,254.073,1.63692,1.07145,1.17652,0.77561,0.7269,0.66115,0.28765,1.92031,1.18691,1.37229,0.0015446,0.0015446,0.0015446
48,259.237,1.6515,1.06402,1.16963,0.73683,0.67166,0.61502,0.17959,2.66183,1.20042,1.77807,0.0015347,0.0015347,0.0015347
49,264.57,1.71667,1.09783,1.21115,0.71638,0.7055,0.60458,0.1817,2.50473,1.26698,1.6879,0.0015248,0.0015248,0.0015248
50,269.751,1.63345,1.06203,1.17615,0.7921,0.72656,0.68995,0.29655,2.02029,1.08147,1.42639,0.0015149,0.0015149,0.0015149
51,275.112,1.61734,1.0492,1.17464,0.78479,0.7328,0.68607,0.28561,2.02489,1.12469,1.4269,0.001505,0.001505,0.001505
52,280.253,1.62542,1.07396,1.18277,0.75403,0.70473,0.65446,0.24151,2.18485,1.18117,1.50885,0.0014951,0.0014951,0.0014951
53,285.56,1.62928,1.08613,1.18396,0.78749,0.7228,0.68364,0.31068,1.83727,1.11671,1.349,0.0014852,0.0014852,0.0014852
54,290.73,1.62021,1.08865,1.17138,0.80209,0.73233,0.69631,0.34667,1.58104,1.13023,1.24073,0.0014753,0.0014753,0.0014753
55,295.93,1.63181,1.07353,1.17422,0.77073,0.73412,0.6776,0.30064,1.91042,1.14905,1.36883,0.0014654,0.0014654,0.0014654
56,301.211,1.61072,1.07844,1.16862,0.78403,0.75048,0.69726,0.30306,1.91547,1.08698,1.38279,0.0014555,0.0014555,0.0014555
57,306.406,1.59932,1.07387,1.17107,0.7988,0.7351,0.69843,0.34838,1.66559,1.0732,1.27318,0.0014456,0.0014456,0.0014456
58,311.746,1.57544,1.05096,1.15997,0.76267,0.70917,0.65537,0.22793,2.37902,1.19743,1.6224,0.0014357,0.0014357,0.0014357
59,316.93,1.61328,1.06284,1.1636,0.77762,0.73404,0.68557,0.31249,1.91207,1.09165,1.37268,0.0014258,0.0014258,0.0014258
60,322.096,1.64067,1.08108,1.1855,0.78118,0.74804,0.69064,0.30106,1.90651,1.15883,1.36773,0.0014159,0.0014159,0.0014159
61,327.367,1.58831,1.0617,1.16577,0.79274,0.74262,0.69795,0.33063,1.742,1.08476,1.30406,0.001406,0.001406,0.001406
62,332.552,1.60708,1.05846,1.16936,0.79534,0.73087,0.69566,0.34675,1.61544,1.07941,1.25899,0.0013961,0.0013961,0.0013961
63,337.871,1.61377,1.06433,1.17612,0.81192,0.72626,0.70108,0.36484,1.528,1.10566,1.22791,0.0013862,0.0013862,0.0013862
64,343.063,1.6372,1.05327,1.17174,0.76856,0.73856,0.67233,0.2544,2.19317,1.12755,1.51232,0.0013763,0.0013763,0.0013763
65,348.335,1.59402,1.04963,1.17102,0.79576,0.74747,0.70744,0.36277,1.55635,1.08571,1.23399,0.0013664,0.0013664,0.0013664
66,353.492,1.58467,1.067,1.16124,0.78023,0.74253,0.67991,0.30212,1.93698,1.11304,1.37651,0.0013565,0.0013565,0.0013565
67,358.707,1.57055,1.03939,1.15657,0.75421,0.72857,0.66925,0.25021,2.27244,1.11057,1.56472,0.0013466,0.0013466,0.0013466
68,363.992,1.58831,1.06017,1.15819,0.791,0.7351,0.69028,0.32367,1.75888,1.13714,1.31476,0.0013367,0.0013367,0.0013367
