epoch,time,train/giou_loss,train/cls_loss,train/l1_loss,metrics/precision(B),metrics/recall(B),metrics/mAP50(B),metrics/mAP50-95(B),val/giou_loss,val/cls_loss,val/l1_loss,lr/pg0,lr/pg1,lr/pg2
1,5.55682,1.71373,0.43515,0.62191,0.11028,0.41484,0.08174,0.02275,1.08417,0.94368,0.26173,0.00065,0.00065,0.00065
2,11.4069,1.0657,0.47353,0.24818,0.492,0.46066,0.4084,0.15249,1.05011,0.73561,0.25865,0.00131015,0.00131015,0.00131015
3,17.043,0.96992,0.46628,0.20177,0.63373,0.57043,0.53706,0.18685,0.95972,0.69652,0.23475,0.0019637,0.0019637,0.0019637
4,23.0082,0.93576,0.49484,0.19183,0.33985,0.38446,0.21061,0.04496,nan,nan,nan,0.0019703,0.0019703,0.0019703
5,28.4073,0.8998,0.47528,0.18098,0.67607,0.59163,0.55516,0.2269,nan,nan,nan,0.0019604,0.0019604,0.0019604
6,33.9892,0.87731,0.47873,0.16643,0.57166,0.54102,0.48576,0.16276,nan,nan,nan,0.0019505,0.0019505,0.0019505
7,39.414,0.86235,0.46829,0.16266,0.61592,0.5757,0.51834,0.18297,nan,nan,nan,0.0019406,0.0019406,0.0019406
8,44.9116,0.84129,0.46608,0.15742,0.65359,0.65488,0.59015,0.2096,0.92516,0.66587,0.21637,0.0019307,0.0019307,0.0019307
9,50.2293,0.80726,0.47427,0.14536,0.65372,0.66086,0.5992,0.22608,0.91292,0.65017,0.20884,0.0019208,0.0019208,0.0019208
10,55.5387,0.85283,0.46163,0.16226,0.69555,0.73357,0.66152,0.30482,0.74479,0.57008,0.1521,0.0019109,0.0019109,0.0019109
11,61.4309,0.81735,0.47499,0.14955,0.69945,0.68727,0.6274,0.24698,0.84581,0.50474,0.18434,0.001901,0.001901,0.001901
12,66.9217,0.77687,0.482,0.14158,0.72317,0.71962,0.67856,0.30433,0.7233,0.60434,0.14551,0.0018911,0.0018911,0.0018911
13,72.2965,0.81774,0.48849,0.15626,0.67564,0.74378,0.66331,0.2862,0.74773,0.82429,0.15705,0.0018812,0.0018812,0.0018812
14,77.8956,0.79459,0.48869,0.1494,0.69274,0.70736,0.66364,0.28896,0.74989,0.58553,0.1586,0.0018713,0.0018713,0.0018713
15,83.6692,0.79848,0.48235,0.13792,0.67387,0.68875,0.61586,0.24909,0.81496,0.58728,0.17204,0.0018614,0.0018614,0.0018614
16,89.1316,0.76831,0.48606,0.13721,0.65656,0.715,0.62445,0.2781,0.74517,0.5458,0.15361,0.0018515,0.0018515,0.0018515
17,94.6369,0.77075,0.48528,0.13471,0.66157,0.65837,0.58077,0.19612,nan,nan,nan,0.0018416,0.0018416,0.0018416
18,100.275,0.75465,0.48205,0.12755,0.67174,0.69299,0.61153,0.2322,0.86062,0.69753,0.18985,0.0018317,0.0018317,0.0018317
19,105.81,0.75811,0.48846,0.12883,0.71411,0.70531,0.63559,0.26001,0.76731,0.58595,0.15653,0.0018218,0.0018218,0.0018218
20,111.421,0.72707,0.48061,0.12063,0.70759,0.73389,0.65305,0.28128,0.749,0.53337,0.14604,0.0018119,0.0018119,0.0018119
21,116.967,0.75782,0.4793,0.13124,0.7239,0.73643,0.6715,0.29996,0.71615,0.554,0.13737,0.001802,0.001802,0.001802
22,122.77,0.75972,0.47852,0.12755,0.68418,0.7088,0.62882,0.24523,0.82737,0.55157,0.17856,0.0017921,0.0017921,0.0017921
23,128.543,0.75449,0.53477,0.13068,0.71133,0.74611,0.67509,0.28862,0.75519,0.58474,0.14932,0.0017822,0.0017822,0.0017822
24,134.259,0.7808,0.52749,0.13774,0.66194,0.67928,0.59686,0.19343,0.84801,0.82093,0.19667,0.0017723,0.0017723,0.0017723
25,140.005,0.78156,0.49436,0.14606,0.63937,0.69472,0.58384,0.19786,0.87488,0.59812,0.2012,0.0017624,0.0017624,0.0017624
26,145.538,0.75242,0.48177,0.12481,0.70375,0.74303,0.66508,0.29395,0.73309,0.64118,0.14142,0.0017525,0.0017525,0.0017525
27,151.093,0.75637,0.49426,0.13113,0.72996,0.74303,0.6777,0.30164,0.71805,0.54985,0.14935,0.0017426,0.0017426,0.0017426
28,156.974,0.72019,0.50356,0.12186,0.6856,0.74402,0.65274,0.26726,0.7317,0.70044,0.14839,0.0017327,0.0017327,0.0017327
29,162.979,0.7521,0.47607,0.12589,0.72143,0.73902,0.68168,0.27858,0.8113,0.51195,0.20182,0.0017228,0.0017228,0.0017228
30,168.518,0.71546,0.48269,0.11641,0.72367,0.73157,0.67938,0.30795,0.71289,0.56007,0.137,0.0017129,0.0017129,0.0017129
31,174.256,0.70931,0.63252,0.11978,0.68599,0.72893,0.64476,0.2717,0.73814,0.57335,0.14686,0.001703,0.001703,0.001703
32,179.923,0.74374,0.47794,0.12687,0.70279,0.74541,0.66464,0.29076,0.71522,0.54771,0.13738,0.0016931,0.0016931,0.0016931
33,185.566,0.72713,0.47665,0.12349,0.71845,0.749,0.67472,0.30601,0.7169,0.5418,0.13452,0.0016832,0.0016832,0.0016832
34,191.227,0.71765,0.47949,0.11776,0.70876,0.75847,0.66826,0.30753,0.73159,0.54283,0.14423,0.0016733,0.0016733,0.0016733
35,197.1,0.71792,0.48289,0.1207,0.71136,0.74379,0.65822,0.28271,0.73092,0.5582,0.13878,0.0016634,0.0016634,0.0016634
36,202.775,0.70828,0.4783,0.1147,0.7075,0.74452,0.65828,0.29265,0.72952,0.55297,0.13714,0.0016535,0.0016535,0.0016535
37,208.44,0.72432,0.47187,0.11601,0.72751,0.76453,0.68477,0.32137,0.70641,0.53003,0.13848,0.0016436,0.0016436,0.0016436
38,214.373,0.73267,0.47532,0.11691,0.71583,0.74141,0.66399,0.28804,0.73492,0.54278,0.14541,0.0016337,0.0016337,0.0016337
39,220.242,0.71139,0.48127,0.11986,0.71453,0.75163,0.67131,0.3157,0.72297,0.53887,0.14234,0.0016238,0.0016238,0.0016238
40,225.876,0.72261,0.47894,0.11568,0.70059,0.74801,0.65838,0.28223,0.77226,0.56986,0.1578,0.0016139,0.0016139,0.0016139
41,231.353,0.7294,0.4822,0.12267,0.71052,0.72975,0.65259,0.27647,0.75454,0.52765,0.15365,0.001604,0.001604,0.001604
42,237.184,0.71821,0.48449,0.11688,0.70521,0.74402,0.65714,0.28042,0.73479,0.57455,0.142,0.0015941,0.0015941,0.0015941
43,243.031,0.71789,0.47272,0.11882,0.71692,0.7681,0.68485,0.31484,0.71226,0.52327,0.13828,0.0015842,0.0015842,0.0015842
44,248.687,0.71473,0.47868,0.1129,0.71817,0.76014,0.68276,0.31116,0.73024,0.50988,0.13982,0.0015743,0.0015743,0.0015743
45,254.525,0.71041,0.50853,0.11258,0.71088,0.76195,0.67381,0.29476,0.72937,0.54158,0.14311,0.0015644,0.0015644,0.0015644
46,260.314,0.72371,0.50536,0.1249,0.72823,0.74502,0.69971,0.31824,0.75,0.52203,0.18435,0.0015545,0.0015545,0.0015545
47,266.242,0.7318,0.48182,0.12388,0.7149,0.74926,0.67551,0.3109,0.70911,0.56308,0.13245,0.0015446,0.0015446,0.0015446
48,271.823,0.73035,0.47792,0.12611,0.70395,0.73904,0.65749,0.2842,0.72251,0.56132,0.13665,0.0015347,0.0015347,0.0015347
49,277.815,0.71265,0.48611,0.1222,0.7028,0.73456,0.65645,0.27288,0.73533,0.55052,0.14687,0.0015248,0.0015248,0.0015248
50,283.679,0.6922,0.48359,0.11165,0.73366,0.74851,0.68828,0.31365,0.68447,0.53812,0.12807,0.0015149,0.0015149,0.0015149
51,289.345,0.70795,0.48122,0.11698,0.71434,0.75096,0.67512,0.30251,0.7024,0.54513,0.12812,0.001505,0.001505,0.001505
52,294.712,0.7111,0.47728,0.11008,0.71115,0.75548,0.66565,0.29355,0.71446,0.54511,0.13316,0.0014951,0.0014951,0.0014951
53,300.401,0.69322,0.47606,0.1054,0.70105,0.75327,0.66605,0.29908,0.72324,0.5704,0.13525,0.0014852,0.0014852,0.0014852
54,305.904,0.70204,0.48156,0.12002,0.69813,0.74054,0.65398,0.2554,0.77892,0.53604,0.16965,0.0014753,0.0014753,0.0014753
55,311.09,0.69398,0.48025,0.11335,0.72143,0.749,0.66842,0.29017,0.71631,0.53705,0.13856,0.0014654,0.0014654,0.0014654
56,316.718,0.69395,0.48221,0.11072,0.71486,0.76345,0.67981,0.31051,0.70126,0.53234,0.13072,0.0014555,0.0014555,0.0014555
57,322.211,0.71059,0.46919,0.11255,0.70456,0.76246,0.66898,0.29365,0.70873,0.56516,0.14087,0.0014456,0.0014456,0.0014456
58,327.656,0.6936,0.47705,0.11773,0.71573,0.75249,0.67196,0.30133,0.72626,0.53075,0.14362,0.0014357,0.0014357,0.0014357
59,333.171,0.69344,0.47194,0.113,0.70418,0.76992,0.66407,0.29753,0.72248,0.52247,0.13995,0.0014258,0.0014258,0.0014258
60,338.665,0.69218,0.48576,0.11196,0.71358,0.7754,0.67851,0.31756,0.68563,0.53514,0.12829,0.0014159,0.0014159,0.0014159
61,344.177,0.69953,0.47951,0.10927,0.70563,0.74502,0.64407,0.25239,0.75741,0.5379,0.15891,0.001406,0.001406,0.001406
62,349.845,0.71403,0.47968,0.12799,0.6805,0.72859,0.61338,0.19478,0.85261,0.52973,0.19451,0.0013961,0.0013961,0.0013961
63,355.359,0.68428,0.47812,0.11492,0.72052,0.76992,0.68073,0.30933,0.70837,0.52003,0.14265,0.0013862,0.0013862,0.0013862
64,361.045,0.68896,0.48114,0.11104,0.71929,0.7478,0.67534,0.30565,0.71638,0.52581,0.13747,0.0013763,0.0013763,0.0013763
65,366.689,0.68767,0.47428,0.11168,0.71892,0.75249,0.67045,0.28733,0.72055,0.55883,0.14303,0.0013664,0.0013664,0.0013664
66,372.248,0.69485,0.47782,0.11873,0.69994,0.75498,0.65004,0.23617,0.77985,0.54333,0.17139,0.0013565,0.0013565,0.0013565
67,377.772,0.7025,0.47351,0.11803,0.71623,0.75417,0.67155,0.30072,0.71764,0.53617,0.13377,0.0013466,0.0013466,0.0013466
